Quasky||Four small rocks||P2Ready||the road outside his house
Quasky||his credit card number||P2Ready||Goodwill
Quasky||Four small rocks||P2Ready||the road outside his house
Quasky||his credit card number||P2Ready||Goodwill
Quasky||Four small rocks||P2Ready||the road outside his house
Quasky||his credit card number||P2Ready||Goodwill
Quasky||Four small rocks||P2Ready||the road outside his house
Quasky||his credit card number||P2Ready||Goodwill
Quasky||Four small rocks||P2Ready||the road outside his house
Quasky||his credit card number||P2Ready||Goodwill
Quasky||Four small rocks||P2Ready||the road outside his house
Quasky||his credit card number||P2Ready||Goodwill
Quasky||Four small rocks||P2Ready||the road outside his house
Quasky||his credit card number||P2Ready||Goodwill
